combos,fills,contracts,mean_vwap,mean_settlement,full_yes_settlement_rate,any_positive_settlement_rate,equal_combo_net_per_contract,volume_weighted_net_per_contract,p05_net_per_contract,median_net_per_contract,p95_net_per_contract,worst_net_per_contract,scope,price_bucket_low_cents,price_bucket_high_cents
2492,11092,8604072.68,0.026593816991319776,0.012909309791332264,0.012841091492776886,0.013242375601926164,0.011885793348853806,0.012547663552342048,0.003933258244198336,0.02422732,0.04386463,-0.9888299199999999,cross_game,0,5
3051,10924,3864567.0100000002,0.074956681264313,0.043398885611274994,0.043264503441494594,0.04359226483120288,0.026719235313768765,0.010351966654188189,0.046675,0.06920332,0.09021578801936772,-0.953325,cross_game,5,10
4936,12911,3816865.7800000003,0.12595556347590464,0.09571920583468396,0.09562398703403566,0.09582658022690438,0.022544394539869717,0.047228979905590204,-0.8774119816143133,0.11639631999999998,0.13822262999999999,-0.9063000000000001,cross_game,10,15
4240,13423,3207718.95,0.17357115166005804,0.14445518867924528,0.14433962264150943,0.14504716981132076,0.01909033303215758,0.018004537724812808,-0.84083073,0.15821568000000003,0.18496912,-0.858925,cross_game,15,20
3819,15077,3050813.01,0.2243614894719624,0.18333595181984813,0.1832940560356114,0.18355590468709085,0.028858563151860472,-0.024885732436952815,-0.79777428,0.20702726999999999,0.23277922949648128,-0.8112000000000001,cross_game,20,25
3269,15882,7075935.600000001,0.2738315953736534,0.2282043438360355,0.2282043438360355,0.2282043438360355,0.03172286360636159,0.13746684618804622,-0.75250153,0.25233292,0.28044175,-0.763125,cross_game,25,30
2488,17485,3708584.4000000004,0.32255227729007546,0.2608520900321543,0.2608520900321543,0.2608520900321543,0.04641920964582347,0.06657901039649816,-0.70594633,0.29768886663843985,0.32918175,-0.7147,cross_game,30,35
1937,13950,3116063.6,0.37428609348871283,0.3216313887454827,0.3216313887454827,0.3216313887454827,0.03627573164906569,-0.06800638575269458,-0.6580885200000001,0.34681383,0.37827175,-0.6659250000000001,cross_game,35,40
1618,13804,3179788.76,0.4240966349074099,0.3473423980222497,0.3473423980222497,0.3473423980222497,0.05967244571920532,0.0023200491707325104,-0.6100058032958438,0.39405447,0.42771175,-0.6168,cross_game,40,45
1433,15871,3568953.6500000004,0.4731551788387452,0.36985345429169575,0.36985345429169575,0.36985345429169575,0.08586609878109722,0.15800003618882877,-0.55937652,0.44161767,0.47568307945323385,-0.5673250000000001,cross_game,45,50
1009,6992,1838221.93,0.5230973517527302,0.4261645193260654,0.4261645193260654,0.4261645193260654,0.07948517991811055,0.08789671202885178,-0.51149748,0.48661883943157896,0.5255908259095697,-0.5175000000000001,cross_game,50,55
765,8093,2034671.4100000001,0.5725634785713909,0.43529411764705883,0.43529411764705883,0.43529411764705883,0.12015348980633375,0.16611634271536432,-0.4611627411303795,0.53670412,0.57711852,-0.467325,cross_game,55,60
542,3561,1053013.68,0.6202645259930155,0.4354243542435424,0.4354243542435424,0.4354243542435424,0.16836625673289,0.41451718963992984,-0.40968151876365594,0.58725712,0.6238720000000001,-0.41680000000000006,cross_game,60,65
304,1277,336141.68000000005,0.673082641695139,0.6118421052631579,0.6118421052631579,0.6118421052631579,0.04585158901654223,-0.014077094221826325,-0.3608696367257045,-0.330661077903745,0.675027,-0.36592500000000006,cross_game,65,70
279,1143,417945.45999999996,0.7250059856733472,0.6594982078853047,0.6594982078853047,0.6594982078853047,0.05156780174406097,-0.08846426272324484,-0.30966111300000004,-0.27450153,0.7254944011176806,-0.3147000000000001,cross_game,70,75
235,992,478258.81999999995,0.7727597365639503,0.6680851063829787,0.6680851063829787,0.6680851063829787,0.09239734909627406,-0.1394642642554421,-0.259294527,-0.22838847786656494,0.776854379357678,-0.263125,cross_game,75,80
231,734,330467.94,0.8251391073386495,0.70995670995671,0.70995670995671,0.70995670995671,0.10509773435291815,-0.05145924862274535,-0.20598824999999996,-0.17464425000000006,0.8300682349999999,-0.21119999999999994,cross_game,80,85
237,1084,410142.78,0.8736307947426173,0.8776371308016878,0.8776371308016878,0.8776371308016878,-0.011717939047503435,-0.10813953102029054,-0.15598724000000003,-0.13160368,0.85997968,-0.15892500000000004,cross_game,85,90
232,762,276989.39999999997,0.9248390575059677,0.9310344827586207,0.9310344827586207,0.9310344827586207,-0.0110464594974428,-0.06955588513537737,-0.10207487999999997,-0.07773696999999995,0.9020468380000001,-0.10629999999999998,cross_game,90,95
666,2619,544498.78,0.9849713532880249,1.0,1.0,1.0,-0.016055657471135767,-0.015789073521786077,-0.04147834582236445,-0.013898170000000013,-0.002571541392679115,-0.05332500000000005,cross_game,95,100
629,946,725651.6499999999,0.02784438918888772,0.01275039745627981,0.012718600953895072,0.014308426073131956,0.013211207206231406,0.017196413416036446,0.0046889782800000005,0.02702887,0.043864629999999995,-0.98696628,same_game,0,5
859,1092,515680.70000000007,0.07690480217016922,0.06286379511059371,0.06286379511059371,0.06286379511059371,0.009086158516915988,-0.08785037961020103,-0.9110675807491331,0.07014375,0.09086863,-0.95145072,same_game,5,10
1134,1539,415496.23,0.12551914633535272,0.11126984126984127,0.11022927689594356,0.1128747795414462,0.006580180093970833,-0.09497939048040867,-0.88265625,0.11544903,0.13727212,-0.9063,same_game,10,15
1079,1522,224715.75999999998,0.17492794525866537,0.16668211306765526,0.16218721037998146,0.17145505097312327,-0.0018417314155565773,-0.0026197964297128167,-0.8436910799999999,0.16012300000000002,0.18576298938105903,-0.8589249999999999,same_game,15,20
1048,1589,306460.84,0.2239256929860488,0.23168893129770993,0.22900763358778625,0.23473282442748092,-0.019913242135680267,-0.05514596916258338,-0.7996939200000001,0.20414592,0.23205175,-0.8112000000000001,same_game,20,25
920,1572,247967.95,0.2737716748362765,0.2758260869565217,0.2728260869565217,0.2782608695652174,-0.015956831071997562,0.09274298082326002,-0.7554488225,0.251235707233239,0.2821720537337074,-0.763125,same_game,25,30
821,1360,174601.12,0.32263738644069145,0.309768574908648,0.30694275274056027,0.3118148599269184,-0.002414066300606045,0.08916328045553659,-0.70691952,0.29600047,0.32918175,-0.7147,same_game,30,35
641,1037,174572.81,0.37363709102296033,0.3695631825273011,0.3666146645865835,0.37285491419656785,-0.012293540264048232,0.01918005092886574,-0.65906857,0.34289167,0.37827175,-0.665925,same_game,35,40
537,968,134018.84,0.42434484605106737,0.3818994413407821,0.3780260707635009,0.3854748603351955,0.025361369858699228,0.1055763185317557,-0.61088148,0.39109247999999996,0.4279817148995775,-0.6168,same_game,40,45
484,925,139326.59,0.4727404059188559,0.46239669421487606,0.45867768595041325,0.46487603305785125,-0.007089820436610572,0.21012804416325198,-0.56235825,0.43508066214443775,0.47650252,-0.5673250000000001,same_game,45,50
321,537,103375.33,0.521380317173602,0.4719003115264798,0.46417445482866043,0.4766355140186916,0.032026330486747114,0.11074043902573369,-0.51449937,0.48350007,0.5216064699999999,-0.5175000000000001,same_game,50,55
197,445,78344.13,0.5733915193923483,0.6410152284263959,0.6345177664974619,0.6446700507614214,-0.08473222399885438,0.36213087101094105,-0.46329587999999994,-0.42929684281728114,0.5702322799999999,-0.46631793,same_game,55,60
139,536,71963.59,0.6246214889842456,0.6161151079136691,0.6115107913669064,0.6187050359712231,-0.007891068692103424,0.33164441673812695,-0.41380401829168306,-0.37816517,0.6259259751946903,-0.4168,same_game,60,65
89,417,65890.46,0.6745161232176821,0.7865168539325843,0.7865168539325843,0.7865168539325843,-0.12735410409819,0.2687373586866004,-0.35877457,-0.33318131999999995,0.67276897,-0.365925,same_game,65,70
62,287,81319.93999999999,0.723773129520688,0.7361290322580645,0.7258064516129032,0.7419354838709677,-0.02633397368647902,0.049893942824795465,-0.31356910200000004,-0.27863418,0.7149311425517241,-0.3147000000000001,same_game,70,75
53,123,32428.350000000002,0.7720817402368452,0.9056603773584906,0.9056603773584906,0.9056603773584906,-0.1458828793096122,0.46325197195774365,-0.261468804,-0.23616768,0.7569809500000001,-0.263125,same_game,75,80
32,34,3866.7200000000003,0.8289687499999999,0.875,0.875,0.875,-0.05594481406250003,-0.08614478677677723,-0.20150272199999994,-0.17412076500000004,0.8116040474999999,-0.20598824999999996,same_game,80,85
35,40,4467.139999999999,0.8705890934704056,1.0,1.0,1.0,-0.13728596508222152,-0.13701064906436786,-0.15714148300000003,-0.13791699999999998,-0.114215695,-0.15787593000000003,same_game,85,90
53,63,29323.519999999997,0.9272690511842325,0.9622641509433962,0.9622641509433962,0.9622641509433962,-0.03970173554981191,0.021581310992895814,-0.10313136999999996,-0.07349672999999995,-0.05438793000000004,-0.10418771999999997,same_game,90,95
199,243,70003.43999999999,0.9833336234924942,0.9949748743718593,0.9949748743718593,0.9949748743718593,-0.012779822908624311,-0.02719477809898746,-0.046944480000000045,-0.01452630506594654,-0.004278880000000004,-0.053325000000000046,same_game,95,100
